{"cameraMode":{"drawMode":0,"name":"Shaded","section":"Shading Mode"},"sceneLighting":true,"audioPlay":false,"sceneViewState":{"showFog":true,"showMaterialUpdate":false,"showSkybox":true,"showFlares":true,"showImageEffects":true,"showParticleSystems":true},"in2DMode":false,"pivot":{"x":-2.6005499362945558,"y":3.2510132789611818,"z":2.773432731628418},"rotation":{"x":0.021113429218530656,"y":0.9599331617355347,"z":-0.26909297704696658,"w":0.0753176212310791},"size":7.687424659729004,"orthographic":false}